{
  "version":  "3.3.0",
  "energy":    -1.1421068789694594E-02,
  "virial": [
     3.9165844609481372E-03,
    -7.9452543509793438E-04,
     6.9571621273873275E-04,
    -7.9452543509793438E-04,
     7.6720235247154499E-03,
     4.7258510383686280E-04,
     6.9571621273873307E-04,
     4.7258510383686286E-04,
     2.5948327118213372E-03
  ],
  "gradient": [
     5.4890876662500404E-06,
     6.8905447786721675E-05,
     7.2070052216048711E-05,
     2.4930036834654630E-05,
     6.7691563869255622E-05,
     3.7700304546722816E-05,
    -1.4736600330367409E-05,
     5.0856743815743789E-05,
     5.1948469231735727E-05,
    -5.5630982195334975E-06,
     2.7077022548787302E-05,
     1.1709853718737010E-06,
    -5.4814452910103522E-06,
     5.3354783358967081E-05,
    -5.0070001798715887E-05,
    -4.9371096057827503E-05,
     5.3330637775583457E-05,
    -3.7238211656043093E-05,
    -3.2284809238574274E-05,
     6.2055690601076177E-05,
    -7.2108620957980058E-05,
    -4.1493549933772412E-07,
     1.0024803637166390E-06,
     3.9850371883602319E-06,
     5.0263498623665967E-05,
    -5.7893968688582054E-06,
     4.3331181892400405E-06,
     5.3979055291651126E-05,
    -4.7773948970397663E-05,
     3.1020708488967720E-06,
     1.4604165095962337E-05,
    -7.3704581645870666E-05,
     3.2346766778437407E-06,
    -3.1735101843859748E-05,
    -6.4930828441567628E-05,
     4.1568648266084882E-06,
    -4.4626268000078234E-05,
    -2.4542178129193826E-05,
     5.2506564945890160E-06,
    -7.6487130949860982E-05,
    -1.6273015392162471E-05,
     4.2102408044513196E-06,
    -8.0258430668872150E-05,
    -1.0419789403281010E-05,
    -2.7616987921682619E-05,
    -8.3718748527148007E-05,
    -1.6304508895742425E-05,
     3.4174692867340408E-05,
     2.4646593925862231E-05,
    -1.2128510361428890E-04,
    -1.5088755066311223E-05,
     4.1513543795545927E-05,
    -5.5411950851423208E-05,
     1.6366786924308155E-05,
    -1.8068887400930693E-05,
    -6.7233490324471832E-05,
     1.3994731164539333E-05,
     1.3038492575966103E-05,
    -5.7422367782667507E-05,
    -4.2009783716832734E-05,
     7.6696835194624261E-05,
     1.4286519179096965E-05,
     5.0744157440020394E-07,
     7.7380082160131638E-05,
     1.7910888807345770E-05,
     2.9525024593277162E-05,
     8.4355670164167515E-05,
     2.0039168588545728E-05,
    -3.2256599392487342E-05,
     1.7760437187949364E-06,
     1.4228919740082824E-05,
     1.5791879994539008E-05,
     5.0870776199930455E-06,
     1.6779295096973123E-05,
     2.0145601807769059E-05,
     2.4459264358300038E-06,
     1.9853909168675361E-05,
     1.8271233453996398E-05,
     8.3473761417685160E-06,
     1.4040430107318220E-05,
     1.6856636982711487E-05,
     4.3462163463875292E-06,
     2.0762925579628358E-05,
     1.9138732443456433E-05,
     1.6813259188241949E-06,
     1.3629025280761206E-05,
     1.3562010458450053E-05,
    -4.0645123376143335E-06,
     1.1079770250857681E-05,
     1.1536039162510016E-05,
    -6.7875253142938221E-06,
     1.3858942633934986E-05,
    -1.2618273345569068E-05,
    -3.0887889184618994E-07,
     1.2268776646226627E-05,
    -1.0984668301780144E-05,
    -1.3464852213635042E-05,
     1.0139611173339474E-05,
    -1.6400450261450187E-05,
    -1.1910867065565125E-05,
     1.7401733540289815E-05,
    -1.8988409045489166E-05,
    -7.2393400154619687E-06,
     1.2703200821320033E-05,
    -1.5867164458465020E-05,
    -1.1133116040912580E-05,
     1.3608536544769586E-05,
    -1.9996218133792218E-05,
    -1.0012689191157743E-05,
     1.7782390248075313E-05,
    -1.8313133503013981E-05,
     1.9049198201123272E-05,
    -1.0782724451800688E-05,
     3.2796204108245434E-06,
    -1.3716049776340627E-05,
    -1.7287765338953561E-05,
     3.1325053647752957E-06,
     2.2289479399864011E-06,
    -1.0821119997796881E-05,
    -2.6618400426742859E-06,
     3.4139406975064590E-06,
    -2.2685692457103688E-05,
    -7.6301645893656925E-06,
     6.1112685255318218E-06,
    -2.1979950961512834E-05,
    -7.5961314076154966E-06
  ]
}
