{
  "version":  "3.7.0",
  "energy":    -1.1715899737148880E-02,
  "virial": [
     3.7851713933501705E-03,
    -8.1288172988859856E-04,
     7.1872985559556118E-04,
    -8.1288172988859856E-04,
     7.6271285791837395E-03,
     4.9673613055807478E-04,
     7.1872985559556129E-04,
     4.9673613055807478E-04,
     2.5557679250609640E-03
  ],
  "gradient": [
     5.0708719950501157E-06,
     6.9790285785804521E-05,
     7.4582379483635716E-05,
     2.6758658553916956E-05,
     6.8291798400885105E-05,
     3.6759881358822335E-05,
    -1.5529094867403934E-05,
     5.2360740334214594E-05,
     5.3431230234034356E-05,
    -6.3119373387228183E-06,
     3.1214699061503701E-05,
     6.0937861068977001E-08,
    -5.7029639195333330E-06,
     5.3610332896693898E-05,
    -4.9070935939292271E-05,
    -5.2189205334807051E-05,
     5.3597739527035802E-05,
    -3.6345247975372378E-05,
    -3.2193863984979353E-05,
     6.3050940822830315E-05,
    -7.4406219121144236E-05,
    -6.8199471199151069E-07,
     2.4800444411536608E-06,
     4.1668314838319672E-06,
     4.7935669175707516E-05,
    -8.9185800761939102E-06,
     4.4187557288377929E-06,
     5.2979151308826060E-05,
    -5.1533875231268932E-05,
     3.0711593412684880E-06,
     1.4066680634948404E-05,
    -7.1035881518115326E-05,
     3.3680744313132799E-06,
    -2.9389221372569086E-05,
    -6.8022388147806817E-05,
     4.4063865455187328E-06,
    -4.1298549426047041E-05,
    -2.6538614213660617E-05,
     5.7133966647469458E-06,
    -7.6446781370116375E-05,
    -1.7953651272498908E-05,
     4.4407660447327063E-06,
    -8.0016860146350468E-05,
    -1.0581016208387845E-05,
    -2.7811899542245357E-05,
    -8.3546830039757863E-05,
    -1.6669008630562762E-05,
     3.4432465592290238E-05,
     2.3812380214019830E-05,
    -1.1684002908194005E-04,
    -1.6459621246456614E-05,
     4.1901825929315152E-05,
    -5.5298626809437875E-05,
     1.6125411888942118E-05,
    -1.8448502525466406E-05,
    -6.7274096432440124E-05,
     1.3721139232111884E-05,
     1.3714912277191165E-05,
    -6.0356444056628161E-05,
    -4.6329314505097146E-05,
     7.7284864829571523E-05,
     1.2708386125635737E-05,
     4.6889168799917932E-07,
     7.7237713501119115E-05,
     1.7633592416565384E-05,
     2.9688298304026077E-05,
     8.4330592553775904E-05,
     1.9663861619767448E-05,
    -3.2546049197661539E-05,
    -1.5120796151620731E-06,
     1.0964990459210503E-05,
     1.6021176317327828E-05,
     1.0244388622063988E-05,
     1.5134766002302252E-05,
     2.0937787525761237E-05,
     2.2011557406793824E-06,
     2.3771471231183852E-05,
     1.4791426291776318E-05,
     1.9308809652847292E-06,
     1.7332053458200055E-05,
     1.7554027601555432E-05,
     5.2017185849279400E-06,
     1.6376459441194721E-05,
     2.5857740812920871E-05,
     9.5638420207772876E-07,
     1.9530360103273072E-05,
     7.4996334135244906E-06,
     4.0630634209782417E-06,
     8.0380387900326991E-06,
     1.1826601794699065E-05,
    -8.2949178580240949E-06,
     1.9146007324269666E-05,
    -7.5163575675225402E-06,
    -5.6109526891496664E-06,
     7.4617872093392460E-06,
    -1.1492761254151282E-05,
    -9.0155187684656316E-06,
     1.5741311365132330E-05,
    -1.7038284364516450E-05,
    -1.0872704967761594E-05,
     1.3044294136487020E-05,
    -2.5790540671218004E-05,
    -2.8910685042547403E-06,
     1.0985821515427485E-05,
    -1.6151938115027560E-05,
    -1.5229358339843181E-05,
     1.0057621859720810E-05,
    -2.0771530621925347E-05,
    -1.1275265521351752E-05,
     2.1436075701735326E-05,
    -1.4883288846923001E-05,
     1.6460619722856689E-05,
    -1.0054436061838848E-05,
     3.4858502718417217E-06,
    -1.1626784643225676E-05,
    -1.5629047576246960E-05,
     3.5432729610590167E-06,
     1.4505266325490599E-06,
    -6.9822951171518358E-06,
    -2.3029130827042162E-06,
     7.6975944868542779E-06,
    -2.4480308489769973E-05,
    -5.6013584732218666E-06,
     2.7848025932698499E-06,
    -2.5255181105650209E-05,
    -5.8552623491669292E-06
  ]
}
